[{"model": "admin.logentry", "pk": 5, "fields": {"action_time": "2025-09-10T11:49:58.450Z", "user": 5, "content_type": 17, "object_id": "5", "object_repr": "Green Smoothie", "action_flag": 2, "change_message": "[]"}}, {"model": "admin.logentry", "pk": 6, "fields": {"action_time": "2025-09-11T12:19:15.465Z", "user": 5, "content_type": 17, "object_id": "1", "object_repr": "Classic Spaghetti Carbonara", "action_flag": 2, "change_message": "[{\"changed\": {\"fields\": [\"Author\", \"Servings\"]}}]"}}, {"model": "admin.logentry", "pk": 7, "fields": {"action_time": "2025-09-11T12:20:11.703Z", "user": 5, "content_type": 17, "object_id": "1", "object_repr": "Classic Spaghetti Carbonara", "action_flag": 2, "change_message": "[{\"changed\": {\"fields\": [\"Servings\"]}}]"}}, {"model": "admin.logentry", "pk": 8, "fields": {"action_time": "2025-09-11T12:21:14.647Z", "user": 5, "content_type": 17, "object_id": "5", "object_repr": "Green Smoothie", "action_flag": 2, "change_message": "[{\"changed\": {\"fields\": [\"Author\", \"Image\"]}}]"}}, {"model": "admin.logentry", "pk": 9, "fields": {"action_time": "2025-09-11T12:22:21.183Z", "user": 5, "content_type": 17, "object_id": "5", "object_repr": "Green Smoothie", "action_flag": 2, "change_message": "[]"}}, {"model": "admin.logentry", "pk": 10, "fields": {"action_time": "2025-09-11T12:22:43.327Z", "user": 5, "content_type": 17, "object_id": "4", "object_repr": "Chocolate Chip Cookies", "action_flag": 2, "change_message": "[{\"changed\": {\"fields\": [\"Author\", \"Image\"]}}]"}}, {"model": "admin.logentry", "pk": 11, "fields": {"action_time": "2025-09-11T12:23:40.694Z", "user": 5, "content_type": 17, "object_id": "4", "object_repr": "Chocolate Chip Cookies", "action_flag": 2, "change_message": "[{\"changed\": {\"fields\": [\"Servings\"]}}]"}}, {"model": "admin.logentry", "pk": 12, "fields": {"action_time": "2025-09-11T12:23:59.572Z", "user": 5, "content_type": 17, "object_id": "3", "object_repr": "Vegetarian Buddha Bowl", "action_flag": 2, "change_message": "[{\"changed\": {\"fields\": [\"Author\", \"Image\"]}}]"}}, {"model": "admin.logentry", "pk": 13, "fields": {"action_time": "2025-09-11T12:25:36.445Z", "user": 5, "content_type": 17, "object_id": "2", "object_repr": "Chicken Tacos", "action_flag": 2, "change_message": "[{\"changed\": {\"fields\": [\"Author\", \"Image\"]}}]"}}, {"model": "admin.logentry", "pk": 14, "fields": {"action_time": "2025-09-11T12:25:52.061Z", "user": 5, "content_type": 17, "object_id": "1", "object_repr": "Classic Spaghetti Carbonara", "action_flag": 2, "change_message": "[{\"changed\": {\"fields\": [\"Image\"]}}]"}}, {"model": "admin.logentry", "pk": 15, "fields": {"action_time": "2025-09-11T12:26:22.716Z", "user": 5, "content_type": 18, "object_id": "7", "object_repr": "kalpesh: 1 cup Ice cubes", "action_flag": 2, "change_message": "[{\"changed\": {\"fields\": [\"User\"]}}]"}}, {"model": "admin.logentry", "pk": 16, "fields": {"action_time": "2025-09-11T12:26:31.571Z", "user": 5, "content_type": 18, "object_id": "6", "object_repr": "kalpesh: 1 tsp Fresh ginger", "action_flag": 2, "change_message": "[{\"changed\": {\"fields\": [\"User\"]}}]"}}, {"model": "admin.logentry", "pk": 17, "fields": {"action_time": "2025-09-11T12:26:47.026Z", "user": 5, "content_type": 18, "object_id": "5", "object_repr": "kalpesh: 1 tbsp Lime juice", "action_flag": 2, "change_message": "[{\"changed\": {\"fields\": [\"User\"]}}]"}}, {"model": "admin.logentry", "pk": 18, "fields": {"action_time": "2025-09-11T12:26:59.394Z", "user": 5, "content_type": 18, "object_id": "1", "object_repr": "kalpesh: 2 cups Spinach", "action_flag": 2, "change_message": "[{\"changed\": {\"fields\": [\"User\"]}}]"}}, {"model": "admin.logentry", "pk": 19, "fields": {"action_time": "2025-09-11T12:27:05.969Z", "user": 5, "content_type": 18, "object_id": "2", "object_repr": "kalpesh: 1 large Banana", "action_flag": 2, "change_message": "[{\"changed\": {\"fields\": [\"User\"]}}]"}}, {"model": "admin.logentry", "pk": 20, "fields": {"action_time": "2025-09-11T12:27:11.903Z", "user": 5, "content_type": 18, "object_id": "3", "object_repr": "kalpesh: 1 medium Apple", "action_flag": 2, "change_message": "[{\"changed\": {\"fields\": [\"User\"]}}]"}}, {"model": "admin.logentry", "pk": 21, "fields": {"action_time": "2025-09-11T12:27:17.578Z", "user": 5, "content_type": 18, "object_id": "4", "object_repr": "kalpesh: 250 ml Coconut water", "action_flag": 2, "change_message": "[{\"changed\": {\"fields\": [\"User\"]}}]"}}, {"model": "admin.logentry", "pk": 22, "fields": {"action_time": "2025-09-12T09:58:14.388Z", "user": 5, "content_type": 17, "object_id": "6", "object_repr": "Vadapav", "action_flag": 1, "change_message": "[{\"added\": {}}, {\"added\": {\"name\": \"ingredient\", \"object\": \"AS PER REQUIREMENT  Batata Vada (Spiced Potato Filling\"}}, {\"added\": {\"name\": \"ingredient\", \"object\": \"1 cup besan (gram flour  Besan Batter (for Frying)\"}}, {\"added\": {\"name\": \"ingredient\", \"object\": \"- \\u00bd cup fresh coriander leaves  \\ud83c\\udf3f Green Chutney (Optional but Refreshing\"}}, {\"added\": {\"name\": \"ingredient\", \"object\": \"- 6\\u20138 garlic cloves, roasted  \\ud83c\\udf36\\ufe0f Dry Garlic Chutney (The Soul of Vada Pav\"}}, {\"added\": {\"name\": \"instruction\", \"object\": \"Step 1: Make the Batata Vada (Spiced Potato Fritter)\\r\\n- Bo...\"}}, {\"added\": {\"name\": \"instruction\", \"object\": \"Step 2: Prepare the Batter\\r\\n- Mix besan (gram flour) with ...\"}}, {\"added\": {\"name\": \"instruction\", \"object\": \"Step 3: Make the Chutneys\\r\\n- Green chutney: Blend coriande...\"}}, {\"added\": {\"name\": \"instruction\", \"object\": \"Step 4: Assemble the Vada Pav\\r\\n- Slice a ladi pav (soft bu...\"}}]"}}, {"model": "admin.logentry", "pk": 23, "fields": {"action_time": "2025-09-12T13:41:32.977Z", "user": 5, "content_type": 17, "object_id": "8", "object_repr": "Classic Spaghetti Carbonara", "action_flag": 3, "change_message": ""}}, {"model": "admin.logentry", "pk": 24, "fields": {"action_time": "2025-09-13T02:28:26.556Z", "user": 5, "content_type": 17, "object_id": "21", "object_repr": "rhd", "action_flag": 3, "change_message": ""}}, {"model": "admin.logentry", "pk": 25, "fields": {"action_time": "2025-09-13T02:28:26.564Z", "user": 5, "content_type": 17, "object_id": "20", "object_repr": "hjefg", "action_flag": 3, "change_message": ""}}, {"model": "admin.logentry", "pk": 26, "fields": {"action_time": "2025-09-13T02:28:26.572Z", "user": 5, "content_type": 17, "object_id": "19", "object_repr": "ln", "action_flag": 3, "change_message": ""}}, {"model": "admin.logentry", "pk": 27, "fields": {"action_time": "2025-09-13T05:07:22.027Z", "user": 5, "content_type": 17, "object_id": "26", "object_repr": "s", "action_flag": 3, "change_message": ""}}, {"model": "admin.logentry", "pk": 28, "fields": {"action_time": "2025-09-13T05:07:22.044Z", "user": 5, "content_type": 17, "object_id": "25", "object_repr": "s", "action_flag": 3, "change_message": ""}}, {"model": "admin.logentry", "pk": 29, "fields": {"action_time": "2025-09-13T05:07:22.058Z", "user": 5, "content_type": 17, "object_id": "24", "object_repr": "gut", "action_flag": 3, "change_message": ""}}, {"model": "admin.logentry", "pk": 30, "fields": {"action_time": "2025-09-13T05:07:22.073Z", "user": 5, "content_type": 17, "object_id": "23", "object_repr": "hgf", "action_flag": 3, "change_message": ""}}, {"model": "admin.logentry", "pk": 31, "fields": {"action_time": "2025-09-13T05:07:22.088Z", "user": 5, "content_type": 17, "object_id": "22", "object_repr": "hgf", "action_flag": 3, "change_message": ""}}, {"model": "admin.logentry", "pk": 32, "fields": {"action_time": "2025-09-13T05:07:49.347Z", "user": 5, "content_type": 17, "object_id": "6", "object_repr": "Vadapav", "action_flag": 2, "change_message": "[{\"changed\": {\"fields\": [\"Protein\", \"Carbs\", \"Fat\"]}}]"}}, {"model": "admin.logentry", "pk": 33, "fields": {"action_time": "2025-09-13T05:43:11.111Z", "user": 5, "content_type": 17, "object_id": "1", "object_repr": "Classic Spaghetti Carbonara", "action_flag": 3, "change_message": ""}}, {"model": "admin.logentry", "pk": 34, "fields": {"action_time": "2025-09-13T05:43:35.937Z", "user": 5, "content_type": 17, "object_id": "7", "object_repr": "Classic Spaghetti Carbonara", "action_flag": 2, "change_message": "[{\"changed\": {\"fields\": [\"Image\"]}}]"}}, {"model": "admin.logentry", "pk": 35, "fields": {"action_time": "2025-09-13T05:43:48.824Z", "user": 5, "content_type": 17, "object_id": "9", "object_repr": "Vegetable Stir Fry", "action_flag": 2, "change_message": "[{\"changed\": {\"fields\": [\"Image\"]}}]"}}, {"model": "admin.logentry", "pk": 36, "fields": {"action_time": "2025-09-13T05:44:04.995Z", "user": 5, "content_type": 17, "object_id": "10", "object_repr": "Chicken Tikka Masala", "action_flag": 2, "change_message": "[{\"changed\": {\"fields\": [\"Image\"]}}]"}}, {"model": "admin.logentry", "pk": 37, "fields": {"action_time": "2025-09-13T05:44:17.138Z", "user": 5, "content_type": 17, "object_id": "11", "object_repr": "Greek Salad", "action_flag": 2, "change_message": "[{\"changed\": {\"fields\": [\"Image\"]}}]"}}, {"model": "admin.logentry", "pk": 38, "fields": {"action_time": "2025-09-13T05:44:29.173Z", "user": 5, "content_type": 17, "object_id": "12", "object_repr": "Beef Tacos", "action_flag": 2, "change_message": "[{\"changed\": {\"fields\": [\"Image\"]}}]"}}, {"model": "admin.logentry", "pk": 39, "fields": {"action_time": "2025-09-13T05:44:43.346Z", "user": 5, "content_type": 17, "object_id": "13", "object_repr": "Miso Soup", "action_flag": 2, "change_message": "[{\"changed\": {\"fields\": [\"Image\"]}}]"}}, {"model": "admin.logentry", "pk": 40, "fields": {"action_time": "2025-09-13T05:44:56.922Z", "user": 5, "content_type": 17, "object_id": "14", "object_repr": "Shakshuka", "action_flag": 2, "change_message": "[{\"changed\": {\"fields\": [\"Image\"]}}]"}}, {"model": "admin.logentry", "pk": 41, "fields": {"action_time": "2025-09-13T05:45:11.868Z", "user": 5, "content_type": 17, "object_id": "15", "object_repr": "Falafel Wrap", "action_flag": 2, "change_message": "[{\"changed\": {\"fields\": [\"Image\"]}}]"}}, {"model": "admin.logentry", "pk": 42, "fields": {"action_time": "2025-09-13T05:45:27.150Z", "user": 5, "content_type": 17, "object_id": "16", "object_repr": "French Onion Soup", "action_flag": 2, "change_message": "[{\"changed\": {\"fields\": [\"Image\"]}}]"}}, {"model": "admin.logentry", "pk": 43, "fields": {"action_time": "2025-09-13T05:46:50.888Z", "user": 5, "content_type": 17, "object_id": "17", "object_repr": "Pad Thai", "action_flag": 2, "change_message": "[{\"changed\": {\"fields\": [\"Image\"]}}]"}}, {"model": "admin.logentry", "pk": 44, "fields": {"action_time": "2025-09-13T05:47:03.317Z", "user": 5, "content_type": 17, "object_id": "18", "object_repr": "Banana Pancakes", "action_flag": 2, "change_message": "[{\"changed\": {\"fields\": [\"Image\"]}}]"}}, {"model": "admin.logentry", "pk": 45, "fields": {"action_time": "2025-09-13T05:52:21.781Z", "user": 5, "content_type": 17, "object_id": "27", "object_repr": "dv", "action_flag": 3, "change_message": ""}}, {"model": "admin.logentry", "pk": 46, "fields": {"action_time": "2025-09-13T06:07:03.863Z", "user": 5, "content_type": 17, "object_id": "5", "object_repr": "Green Smoothie", "action_flag": 2, "change_message": "[{\"changed\": {\"fields\": [\"Protein\", \"Carbs\", \"Fat\"]}}]"}}, {"model": "admin.logentry", "pk": 47, "fields": {"action_time": "2025-09-13T06:07:16.730Z", "user": 5, "content_type": 17, "object_id": "4", "object_repr": "Chocolate Chip Cookies", "action_flag": 2, "change_message": "[{\"changed\": {\"fields\": [\"Protein\", \"Carbs\", \"Fat\"]}}]"}}, {"model": "admin.logentry", "pk": 48, "fields": {"action_time": "2025-09-13T06:07:35.757Z", "user": 5, "content_type": 17, "object_id": "3", "object_repr": "Vegetarian Buddha Bowl", "action_flag": 2, "change_message": "[{\"changed\": {\"fields\": [\"Protein\", \"Carbs\", \"Fat\"]}}]"}}, {"model": "admin.logentry", "pk": 49, "fields": {"action_time": "2025-09-13T06:08:01.556Z", "user": 5, "content_type": 17, "object_id": "2", "object_repr": "Chicken Tacos", "action_flag": 2, "change_message": "[{\"changed\": {\"fields\": [\"Protein\", \"Carbs\", \"Fat\"]}}]"}}, {"model": "admin.logentry", "pk": 50, "fields": {"action_time": "2025-09-13T09:07:53.747Z", "user": 5, "content_type": 17, "object_id": "6", "object_repr": "Vadapav", "action_flag": 2, "change_message": "[{\"changed\": {\"fields\": [\"Protein\"]}}]"}}, {"model": "admin.logentry", "pk": 51, "fields": {"action_time": "2025-09-14T14:39:58.702Z", "user": 5, "content_type": 17, "object_id": "32", "object_repr": "y1", "action_flag": 3, "change_message": ""}}, {"model": "admin.logentry", "pk": 52, "fields": {"action_time": "2025-09-14T14:39:58.710Z", "user": 5, "content_type": 17, "object_id": "31", "object_repr": "ss", "action_flag": 3, "change_message": ""}}, {"model": "admin.logentry", "pk": 53, "fields": {"action_time": "2025-09-14T14:39:58.718Z", "user": 5, "content_type": 17, "object_id": "30", "object_repr": "jet", "action_flag": 3, "change_message": ""}}, {"model": "admin.logentry", "pk": 54, "fields": {"action_time": "2025-09-14T14:39:58.726Z", "user": 5, "content_type": 17, "object_id": "29", "object_repr": "gmdh", "action_flag": 3, "change_message": ""}}, {"model": "admin.logentry", "pk": 55, "fields": {"action_time": "2025-09-14T14:39:58.734Z", "user": 5, "content_type": 17, "object_id": "28", "object_repr": "PAV BHAJI", "action_flag": 3, "change_message": ""}}, {"model": "admin.logentry", "pk": 56, "fields": {"action_time": "2025-09-17T09:00:04.829Z", "user": 5, "content_type": 12, "object_id": "7", "object_repr": "Non-Vegetarian", "action_flag": 1, "change_message": "[{\"added\": {}}]"}}, {"model": "admin.logentry", "pk": 57, "fields": {"action_time": "2025-09-17T09:01:17.497Z", "user": 5, "content_type": 12, "object_id": "7", "object_repr": "Non-Vegetarian", "action_flag": 2, "change_message": "[{\"changed\": {\"fields\": [\"Description\"]}}]"}}, {"model": "admin.logentry", "pk": 58, "fields": {"action_time": "2025-09-17T09:02:24.670Z", "user": 5, "content_type": 17, "object_id": "16", "object_repr": "French Onion Soup", "action_flag": 2, "change_message": "[{\"changed\": {\"fields\": [\"Diets\"]}}]"}}, {"model": "admin.logentry", "pk": 59, "fields": {"action_time": "2025-09-18T11:36:16.882Z", "user": 5, "content_type": 17, "object_id": "6", "object_repr": "Vadapav", "action_flag": 2, "change_message": "[{\"changed\": {\"fields\": [\"Video url\"]}}]"}}, {"model": "admin.logentry", "pk": 60, "fields": {"action_time": "2025-09-20T13:51:09.725Z", "user": 5, "content_type": 17, "object_id": "18", "object_repr": "Banana Pancakes", "action_flag": 2, "change_message": "[{\"changed\": {\"fields\": [\"Video url\"]}}]"}}, {"model": "admin.logentry", "pk": 61, "fields": {"action_time": "2025-09-20T13:58:07.354Z", "user": 5, "content_type": 17, "object_id": "17", "object_repr": "Pad Thai", "action_flag": 2, "change_message": "[{\"changed\": {\"fields\": [\"Video url\"]}}]"}}, {"model": "admin.logentry", "pk": 62, "fields": {"action_time": "2025-09-20T15:16:02.778Z", "user": 5, "content_type": 17, "object_id": "12", "object_repr": "Beef Tacos", "action_flag": 3, "change_message": ""}}, {"model": "admin.logentry", "pk": 63, "fields": {"action_time": "2025-09-20T15:17:27.391Z", "user": 5, "content_type": 17, "object_id": "16", "object_repr": "French Onion Soup", "action_flag": 2, "change_message": "[{\"changed\": {\"fields\": [\"Video url\"]}}]"}}, {"model": "admin.logentry", "pk": 64, "fields": {"action_time": "2025-09-20T15:17:46.590Z", "user": 5, "content_type": 17, "object_id": "15", "object_repr": "Falafel Wrap", "action_flag": 2, "change_message": "[{\"changed\": {\"fields\": [\"Video url\"]}}]"}}, {"model": "admin.logentry", "pk": 65, "fields": {"action_time": "2025-09-20T15:18:09.316Z", "user": 5, "content_type": 17, "object_id": "14", "object_repr": "Shakshuka", "action_flag": 2, "change_message": "[{\"changed\": {\"fields\": [\"Video url\"]}}]"}}, {"model": "admin.logentry", "pk": 66, "fields": {"action_time": "2025-09-20T15:18:30.359Z", "user": 5, "content_type": 17, "object_id": "13", "object_repr": "Miso Soup", "action_flag": 2, "change_message": "[{\"changed\": {\"fields\": [\"Video url\"]}}]"}}, {"model": "admin.logentry", "pk": 67, "fields": {"action_time": "2025-09-20T15:19:15.242Z", "user": 5, "content_type": 17, "object_id": "11", "object_repr": "Greek Salad", "action_flag": 2, "change_message": "[{\"changed\": {\"fields\": [\"Video url\"]}}]"}}, {"model": "admin.logentry", "pk": 68, "fields": {"action_time": "2025-09-20T15:19:38.251Z", "user": 5, "content_type": 17, "object_id": "10", "object_repr": "Chicken Tikka Masala", "action_flag": 2, "change_message": "[{\"changed\": {\"fields\": [\"Video url\"]}}]"}}, {"model": "admin.logentry", "pk": 69, "fields": {"action_time": "2025-09-20T15:19:59.329Z", "user": 5, "content_type": 17, "object_id": "9", "object_repr": "Vegetable Stir Fry", "action_flag": 2, "change_message": "[{\"changed\": {\"fields\": [\"Video url\"]}}]"}}, {"model": "admin.logentry", "pk": 70, "fields": {"action_time": "2025-09-20T15:20:20.715Z", "user": 5, "content_type": 17, "object_id": "7", "object_repr": "Classic Spaghetti Carbonara", "action_flag": 2, "change_message": "[{\"changed\": {\"fields\": [\"Video url\"]}}]"}}, {"model": "admin.logentry", "pk": 71, "fields": {"action_time": "2025-09-20T15:20:37.095Z", "user": 5, "content_type": 17, "object_id": "5", "object_repr": "Green Smoothie", "action_flag": 2, "change_message": "[{\"changed\": {\"fields\": [\"Video url\"]}}]"}}, {"model": "admin.logentry", "pk": 72, "fields": {"action_time": "2025-09-20T15:20:56.836Z", "user": 5, "content_type": 17, "object_id": "4", "object_repr": "Chocolate Chip Cookies", "action_flag": 2, "change_message": "[{\"changed\": {\"fields\": [\"Video url\"]}}]"}}, {"model": "admin.logentry", "pk": 73, "fields": {"action_time": "2025-09-20T15:21:14.389Z", "user": 5, "content_type": 17, "object_id": "3", "object_repr": "Vegetarian Buddha Bowl", "action_flag": 2, "change_message": "[{\"changed\": {\"fields\": [\"Video url\"]}}]"}}, {"model": "admin.logentry", "pk": 74, "fields": {"action_time": "2025-09-20T15:21:30.434Z", "user": 5, "content_type": 17, "object_id": "2", "object_repr": "Chicken Tacos", "action_flag": 2, "change_message": "[{\"changed\": {\"fields\": [\"Video url\"]}}]"}}, {"model": "auth.user", "pk": 2, "fields": {"password": "!lNKIH94kia7dpg5Q5MTvFrCi3KAJpYpjCdy19qP0", "last_login": null, "is_superuser": true, "username": "admin", "first_name": "", "last_name": "", "email": "admin@admin.com", "is_staff": true, "is_active": true, "date_joined": "2025-09-08T18:46:35.049Z", "groups": [], "user_permissions": []}}, {"model": "auth.user", "pk": 3, "fields": {"password": "pbkdf2_sha256$600000$jMbsj7T3Siy4J5QsO6rnGS$OWvQY8mxYq+0TY4XhiTHxx4IU14abT7Eh+2BfRqu6bI=", "last_login": null, "is_superuser": false, "username": "123`", "first_name": "", "last_name": "", "email": "1213@gr.com", "is_staff": false, "is_active": true, "date_joined": "2025-09-09T07:02:54.491Z", "groups": [], "user_permissions": []}}, {"model": "auth.user", "pk": 4, "fields": {"password": "pbkdf2_sha256$600000$3mjUk14fy75I4NPRK7QPho$NVUepehfdJbOSxdheLShZXAnx5GkyBN+vQlYqXUlhjE=", "last_login": null, "is_superuser": false, "username": "manas", "first_name": "", "last_name": "", "email": "manas01@gmail.com", "is_staff": false, "is_active": true, "date_joined": "2025-09-10T07:51:14.881Z", "groups": [], "user_permissions": []}}, {"model": "auth.user", "pk": 5, "fields": {"password": "pbkdf2_sha256$600000$9TBJTjWQmHFg9P1A2udQIZ$l4soygyAktE8sbEWIaCN1T4WarZq65mLEz5oD4pisik=", "last_login": "2025-09-17T08:59:52.718Z", "is_superuser": true, "username": "kalpesh", "first_name": "", "last_name": "", "email": "", "is_staff": true, "is_active": true, "date_joined": "2025-09-10T08:42:55.017Z", "groups": [], "user_permissions": []}}, {"model": "authtoken.token", "pk": "8a9abf1d0a32eae72f88d68c88bd55ef56a3f16b", "fields": {"user": 3, "created": "2025-09-09T07:02:55.244Z"}}, {"model": "recipes.category", "pk": 1, "fields": {"name": "Breakfast", "description": "Morning meals and brunch dishes"}}, {"model": "recipes.category", "pk": 2, "fields": {"name": "Lunch", "description": "Midday meals and light dishes"}}, {"model": "recipes.category", "pk": 3, "fields": {"name": "Dinner", "description": "Evening meals and hearty dishes"}}, {"model": "recipes.category", "pk": 4, "fields": {"name": "Dessert", "description": "Sweet treats and desserts"}}, {"model": "recipes.category", "pk": 5, "fields": {"name": "Snacks", "description": "Quick bites and appetizers"}}, {"model": "recipes.category", "pk": 6, "fields": {"name": "Beverages", "description": "Drinks and smoothies"}}, {"model": "recipes.category", "pk": 7, "fields": {"name": "Appetizer", "description": ""}}, {"model": "recipes.cuisine", "pk": 1, "fields": {"name": "Italian", "description": "Traditional Italian cuisine"}}, {"model": "recipes.cuisine", "pk": 2, "fields": {"name": "Mexican", "description": "Traditional Mexican cuisine"}}, {"model": "recipes.cuisine", "pk": 3, "fields": {"name": "Asian", "description": "Asian fusion cuisine"}}, {"model": "recipes.cuisine", "pk": 4, "fields": {"name": "American", "description": "Traditional American cuisine"}}, {"model": "recipes.cuisine", "pk": 5, "fields": {"name": "Mediterranean", "description": "Mediterranean cuisine"}}, {"model": "recipes.cuisine", "pk": 6, "fields": {"name": "Indian", "description": "Traditional Indian cuisine"}}, {"model": "recipes.cuisine", "pk": 7, "fields": {"name": "Chinese", "description": ""}}, {"model": "recipes.cuisine", "pk": 8, "fields": {"name": "Greek", "description": ""}}, {"model": "recipes.cuisine", "pk": 9, "fields": {"name": "Japanese", "description": ""}}, {"model": "recipes.cuisine", "pk": 10, "fields": {"name": "Middle Eastern", "description": ""}}, {"model": "recipes.cuisine", "pk": 11, "fields": {"name": "French", "description": ""}}, {"model": "recipes.cuisine", "pk": 12, "fields": {"name": "Thai", "description": ""}}, {"model": "recipes.diet", "pk": 1, "fields": {"name": "Vegetarian", "description": "No meat, fish, or poultry"}}, {"model": "recipes.diet", "pk": 2, "fields": {"name": "Vegan", "description": "No animal products"}}, {"model": "recipes.diet", "pk": 3, "fields": {"name": "Gluten-Free", "description": "No gluten-containing ingredients"}}, {"model": "recipes.diet", "pk": 4, "fields": {"name": "Keto", "description": "Low-carb, high-fat diet"}}, {"model": "recipes.diet", "pk": 5, "fields": {"name": "Paleo", "description": "Stone-age inspired diet"}}, {"model": "recipes.diet", "pk": 6, "fields": {"name": "Dairy-Free", "description": "No dairy products"}}, {"model": "recipes.diet", "pk": 7, "fields": {"name": "Non-Vegetarian", "description": "Meat"}}, {"model": "recipes.recipe", "pk": 2, "fields": {"title": "Chicken Tacos", "description": "Delicious and easy chicken tacos with fresh toppings.", "author": 5, "category": 3, "cuisine": 2, "prep_time": 15, "cook_time": 25, "servings": 4, "difficulty": "easy", "image": "recipe_images/chickentacos.jpg", "video_url": "https://youtu.be/7lNIEjHbTSA?si=z4P_DRF_AI4vK-Dy", "calories_per_serving": 380, "protein": 54.0, "carbs": 56.0, "fat": 25.0, "created_at": "2025-09-08T18:51:53.440Z", "updated_at": "2025-09-20T15:21:30.428Z", "diets": []}}, {"model": "recipes.recipe", "pk": 3, "fields": {"title": "Vegetarian Buddha Bowl", "description": "A nutritious bowl packed with fresh vegetables, grains, and protein.", "author": 5, "category": 2, "cuisine": 3, "prep_time": 20, "cook_time": 30, "servings": 2, "difficulty": "medium", "image": "recipe_images/buddhabowl.jpg", "video_url": "https://youtu.be/5grQyHO2-jw?si=_Ku2EfHGrJs99-ws", "calories_per_serving": 450, "protein": 10.0, "carbs": 25.0, "fat": 222.0, "created_at": "2025-09-08T18:51:53.581Z", "updated_at": "2025-09-20T15:21:14.384Z", "diets": [1]}}, {"model": "recipes.recipe", "pk": 4, "fields": {"title": "Chocolate Chip Cookies", "description": "Classic homemade chocolate chip cookies that are crispy outside and chewy inside.", "author": 5, "category": 4, "cuisine": 4, "prep_time": 15, "cook_time": 12, "servings": 8, "difficulty": "easy", "image": "recipe_images/chocochip.jpg", "video_url": "https://youtu.be/rEdl2Uetpvo?si=hSJQz5KYgV67tGmZ", "calories_per_serving": 180, "protein": 25.0, "carbs": 26.0, "fat": 63.0, "created_at": "2025-09-08T18:51:53.723Z", "updated_at": "2025-09-20T15:20:56.830Z", "diets": []}}, {"model": "recipes.recipe", "pk": 5, "fields": {"title": "Green Smoothie", "description": "A healthy and refreshing green smoothie packed with nutrients.", "author": 5, "category": 6, "cuisine": 4, "prep_time": 5, "cook_time": 0, "servings": 2, "difficulty": "easy", "image": "recipe_images/green_smoothie.jpg", "video_url": "https://youtu.be/h9lT0B6GU74?si=GJDpycHvnFEY-dOv", "calories_per_serving": 150, "protein": 20.0, "carbs": 25.0, "fat": 20.0, "created_at": "2025-09-08T18:51:53.888Z", "updated_at": "2025-09-20T15:20:37.090Z", "diets": [2, 3]}}, {"model": "recipes.recipe", "pk": 6, "fields": {"title": "Vadapav", "description": "Ah, the mighty Vada Pav—Mumbai’s answer to the burger, but with way more soul and spice 🌶️. Here's how you can make it at home, with a mix of step-by-step guidance and video innspiration to help you nail the flavor and texture.", "author": 5, "category": 5, "cuisine": 6, "prep_time": 20, "cook_time": 15, "servings": 4, "difficulty": "easy", "image": "recipe_images/vadapav.jpg", "video_url": "https://youtube.com/shorts/Am24CdGb1LU?si=pjBVGkoRy2Ua3LBW", "calories_per_serving": 200, "protein": 6.0, "carbs": 150.0, "fat": 300.0, "created_at": "2025-09-12T09:58:14.375Z", "updated_at": "2025-09-18T11:36:16.876Z", "diets": []}}, {"model": "recipes.recipe", "pk": 7, "fields": {"title": "Classic Spaghetti Carbonara", "description": "A creamy, comforting Italian pasta dish with pancetta, eggs, and cheese.", "author": 2, "category": 3, "cuisine": 1, "prep_time": 10, "cook_time": 20, "servings": 2, "difficulty": "easy", "image": "recipe_images/sapghetticarbonar.jpg", "video_url": "https://youtu.be/jlcFwYwiuwY?si=S6ih_MkD-dwNVR0H", "calories_per_serving": 450, "protein": 18.0, "carbs": 55.0, "fat": 16.0, "created_at": "2025-09-12T13:35:48.841Z", "updated_at": "2025-09-20T15:20:20.709Z", "diets": [1]}}, {"model": "recipes.recipe", "pk": 9, "fields": {"title": "Vegetable Stir Fry", "description": "A quick and healthy stir fry with fresh vegetables and a savory sauce.", "author": 2, "category": 2, "cuisine": 7, "prep_time": 15, "cook_time": 10, "servings": 2, "difficulty": "easy", "image": "recipe_images/vegstir.jpg", "video_url": "https://youtu.be/spDs_wzn8To?si=Gp8w9Aedl0Pao2rb", "calories_per_serving": 220, "protein": 6.0, "carbs": 35.0, "fat": 7.0, "created_at": "2025-09-12T13:41:08.157Z", "updated_at": "2025-09-20T15:19:59.324Z", "diets": [2]}}, {"model": "recipes.recipe", "pk": 10, "fields": {"title": "Chicken Tikka Masala", "description": "Tender chicken pieces in a creamy, spiced tomato sauce.", "author": 2, "category": 3, "cuisine": 6, "prep_time": 20, "cook_time": 30, "servings": 4, "difficulty": "medium", "image": "recipe_images/chikenntiikka.jpg", "video_url": "https://youtu.be/lnRmIKkGCIA?si=1VMvC7bN_jLPkHBW", "calories_per_serving": 380, "protein": 28.0, "carbs": 14.0, "fat": 22.0, "created_at": "2025-09-12T13:41:08.247Z", "updated_at": "2025-09-20T15:19:38.246Z", "diets": [3]}}, {"model": "recipes.recipe", "pk": 11, "fields": {"title": "Greek Salad", "description": "A refreshing salad with tomatoes, cucumber, olives, feta, and olive oil.", "author": 2, "category": 2, "cuisine": 8, "prep_time": 10, "cook_time": 0, "servings": 2, "difficulty": "easy", "image": "recipe_images/greek.jpg", "video_url": "https://youtu.be/j7rU-1-s7NM?si=070fJw1ixxpnXcWF", "calories_per_serving": 180, "protein": 5.0, "carbs": 10.0, "fat": 13.0, "created_at": "2025-09-12T13:41:08.358Z", "updated_at": "2025-09-20T15:19:15.237Z", "diets": [1, 3]}}, {"model": "recipes.recipe", "pk": 13, "fields": {"title": "Miso Soup", "description": "A light Japanese soup with tofu, seaweed, and green onions.", "author": 2, "category": 7, "cuisine": 9, "prep_time": 5, "cook_time": 10, "servings": 2, "difficulty": "easy", "image": "recipe_images/miso.jpg", "video_url": "https://youtu.be/dUVLvBIPpCE?si=aeVSlOtCQMZqp_jo", "calories_per_serving": 60, "protein": 4.0, "carbs": 6.0, "fat": 2.0, "created_at": "2025-09-12T13:41:08.548Z", "updated_at": "2025-09-20T15:18:30.355Z", "diets": [2, 3]}}, {"model": "recipes.recipe", "pk": 14, "fields": {"title": "Shakshuka", "description": "Eggs poached in a spicy tomato and pepper sauce.", "author": 2, "category": 1, "cuisine": 10, "prep_time": 10, "cook_time": 20, "servings": 2, "difficulty": "medium", "image": "recipe_images/shaksouka.jpg", "video_url": "https://youtu.be/urMyZ1WosYE?si=XiiQ0szJB8_gOBed", "calories_per_serving": 210, "protein": 10.0, "carbs": 18.0, "fat": 11.0, "created_at": "2025-09-12T13:41:08.641Z", "updated_at": "2025-09-20T15:18:09.310Z", "diets": [1, 3]}}, {"model": "recipes.recipe", "pk": 15, "fields": {"title": "Falafel Wrap", "description": "Crispy falafel balls wrapped with veggies and tahini sauce.", "author": 2, "category": 2, "cuisine": 10, "prep_time": 20, "cook_time": 10, "servings": 2, "difficulty": "medium", "image": "recipe_images/falafel_wrap.jpg", "video_url": "https://youtu.be/H2JaY19xHJo?si=88zC_9x51EtdTan-", "calories_per_serving": 350, "protein": 12.0, "carbs": 45.0, "fat": 14.0, "created_at": "2025-09-12T13:41:08.751Z", "updated_at": "2025-09-20T15:17:46.585Z", "diets": [2]}}, {"model": "recipes.recipe", "pk": 16, "fields": {"title": "French Onion Soup", "description": "A rich soup of caramelized onions, beef broth, and melted cheese.", "author": 2, "category": 7, "cuisine": 11, "prep_time": 15, "cook_time": 40, "servings": 3, "difficulty": "medium", "image": "recipe_images/fren_onn.jpg", "video_url": "https://youtu.be/gx1RzvN5eRA?si=z35SPw3LGo0UOfTt", "calories_per_serving": 250, "protein": 9.0, "carbs": 28.0, "fat": 10.0, "created_at": "2025-09-12T13:41:08.850Z", "updated_at": "2025-09-20T15:17:27.384Z", "diets": [7]}}, {"model": "recipes.recipe", "pk": 17, "fields": {"title": "Pad Thai", "description": "A classic Thai noodle dish with shrimp, tofu, peanuts, and tamarind sauce.", "author": 2, "category": 3, "cuisine": 12, "prep_time": 20, "cook_time": 15, "servings": 2, "difficulty": "hard", "image": "recipe_images/pad_thai.jpg", "video_url": "https://youtu.be/3cUCGxSmAOQ?si=60JMtI91lMW7lzRt", "calories_per_serving": 420, "protein": 20.0, "carbs": 60.0, "fat": 14.0, "created_at": "2025-09-12T13:41:08.954Z", "updated_at": "2025-09-20T13:58:07.347Z", "diets": [3]}}, {"model": "recipes.recipe", "pk": 18, "fields": {"title": "Banana Pancakes", "description": "Fluffy pancakes made with ripe bananas, perfect for breakfast.", "author": 2, "category": 1, "cuisine": 4, "prep_time": 10, "cook_time": 10, "servings": 2, "difficulty": "easy", "image": "recipe_images/banana.jpg", "video_url": "https://youtu.be/UOKJCwyUJGU?si=Lr12Ja21XHFG1VfF", "calories_per_serving": 290, "protein": 7.0, "carbs": 48.0, "fat": 8.0, "created_at": "2025-09-12T13:41:09.036Z", "updated_at": "2025-09-20T13:51:09.713Z", "diets": [1]}}, {"model": "recipes.ingredient", "pk": 7, "fields": {"recipe": 2, "name": "Chicken breast", "quantity": "500", "unit": "g"}}, {"model": "recipes.ingredient", "pk": 8, "fields": {"recipe": 2, "name": "Taco seasoning", "quantity": "1", "unit": "packet"}}, {"model": "recipes.ingredient", "pk": 9, "fields": {"recipe": 2, "name": "Corn tortillas", "quantity": "8", "unit": "pieces"}}, {"model": "recipes.ingredient", "pk": 10, "fields": {"recipe": 2, "name": "Lettuce", "quantity": "1", "unit": "head"}}, {"model": "recipes.ingredient", "pk": 11, "fields": {"recipe": 2, "name": "Tomatoes", "quantity": "2", "unit": "medium"}}, {"model": "recipes.ingredient", "pk": 12, "fields": {"recipe": 2, "name": "Cheddar cheese", "quantity": "100", "unit": "g"}}, {"model": "recipes.ingredient", "pk": 13, "fields": {"recipe": 2, "name": "Sour cream", "quantity": "200", "unit": "ml"}}, {"model": "recipes.ingredient", "pk": 14, "fields": {"recipe": 2, "name": "Lime", "quantity": "2", "unit": "pieces"}}, {"model": "recipes.ingredient", "pk": 15, "fields": {"recipe": 3, "name": "Quinoa", "quantity": "200", "unit": "g"}}, {"model": "recipes.ingredient", "pk": 16, "fields": {"recipe": 3, "name": "Sweet potato", "quantity": "1", "unit": "large"}}, {"model": "recipes.ingredient", "pk": 17, "fields": {"recipe": 3, "name": "Broccoli", "quantity": "200", "unit": "g"}}, {"model": "recipes.ingredient", "pk": 18, "fields": {"recipe": 3, "name": "Chickpeas", "quantity": "400", "unit": "g"}}, {"model": "recipes.ingredient", "pk": 19, "fields": {"recipe": 3, "name": "Avocado", "quantity": "1", "unit": "piece"}}, {"model": "recipes.ingredient", "pk": 20, "fields": {"recipe": 3, "name": "Tahini", "quantity": "2", "unit": "tbsp"}}, {"model": "recipes.ingredient", "pk": 21, "fields": {"recipe": 3, "name": "Lemon juice", "quantity": "2", "unit": "tbsp"}}, {"model": "recipes.ingredient", "pk": 22, "fields": {"recipe": 3, "name": "Olive oil", "quantity": "2", "unit": "tbsp"}}, {"model": "recipes.ingredient", "pk": 23, "fields": {"recipe": 4, "name": "All-purpose flour", "quantity": "250", "unit": "g"}}, {"model": "recipes.ingredient", "pk": 24, "fields": {"recipe": 4, "name": "Butter", "quantity": "115", "unit": "g"}}, {"model": "recipes.ingredient", "pk": 25, "fields": {"recipe": 4, "name": "Brown sugar", "quantity": "100", "unit": "g"}}, {"model": "recipes.ingredient", "pk": 26, "fields": {"recipe": 4, "name": "White sugar", "quantity": "50", "unit": "g"}}, {"model": "recipes.ingredient", "pk": 27, "fields": {"recipe": 4, "name": "Egg", "quantity": "1", "unit": "large"}}, {"model": "recipes.ingredient", "pk": 28, "fields": {"recipe": 4, "name": "Vanilla extract", "quantity": "1", "unit": "tsp"}}, {"model": "recipes.ingredient", "pk": 29, "fields": {"recipe": 4, "name": "Baking soda", "quantity": "1/2", "unit": "tsp"}}, {"model": "recipes.ingredient", "pk": 30, "fields": {"recipe": 4, "name": "Salt", "quantity": "1/2", "unit": "tsp"}}, {"model": "recipes.ingredient", "pk": 31, "fields": {"recipe": 4, "name": "Chocolate chips", "quantity": "200", "unit": "g"}}, {"model": "recipes.ingredient", "pk": 32, "fields": {"recipe": 5, "name": "Spinach", "quantity": "2", "unit": "cups"}}, {"model": "recipes.ingredient", "pk": 33, "fields": {"recipe": 5, "name": "Banana", "quantity": "1", "unit": "large"}}, {"model": "recipes.ingredient", "pk": 34, "fields": {"recipe": 5, "name": "Apple", "quantity": "1", "unit": "medium"}}, {"model": "recipes.ingredient", "pk": 35, "fields": {"recipe": 5, "name": "Coconut water", "quantity": "250", "unit": "ml"}}, {"model": "recipes.ingredient", "pk": 36, "fields": {"recipe": 5, "name": "Lime juice", "quantity": "1", "unit": "tbsp"}}, {"model": "recipes.ingredient", "pk": 37, "fields": {"recipe": 5, "name": "Fresh ginger", "quantity": "1", "unit": "tsp"}}, {"model": "recipes.ingredient", "pk": 38, "fields": {"recipe": 5, "name": "Ice cubes", "quantity": "1", "unit": "cup"}}, {"model": "recipes.ingredient", "pk": 39, "fields": {"recipe": 6, "name": "Batata Vada (Spiced Potato Filling", "quantity": "AS PER REQUIREMENT", "unit": ""}}, {"model": "recipes.ingredient", "pk": 40, "fields": {"recipe": 6, "name": "Besan Batter (for Frying)", "quantity": "1 cup besan (gram flour", "unit": ""}}, {"model": "recipes.ingredient", "pk": 41, "fields": {"recipe": 6, "name": "🌿 Green Chutney (Optional but Refreshing", "quantity": "- ½ cup fresh coriander leaves", "unit": ""}}, {"model": "recipes.ingredient", "pk": 42, "fields": {"recipe": 6, "name": "🌶️ Dry Garlic Chutney  (The Soul of Vada Pav", "quantity": "- 6–8 garlic cloves, roasted", "unit": ""}}, {"model": "recipes.ingredient", "pk": 43, "fields": {"recipe": 7, "name": "Spaghetti", "quantity": "200", "unit": "g"}}, {"model": "recipes.ingredient", "pk": 44, "fields": {"recipe": 7, "name": "Eggs", "quantity": "2", "unit": "large"}}, {"model": "recipes.ingredient", "pk": 45, "fields": {"recipe": 7, "name": "Parmesan cheese", "quantity": "50", "unit": "g"}}, {"model": "recipes.ingredient", "pk": 46, "fields": {"recipe": 7, "name": "Pancetta", "quantity": "75", "unit": "g"}}, {"model": "recipes.ingredient", "pk": 47, "fields": {"recipe": 7, "name": "Black pepper", "quantity": "to taste", "unit": ""}}, {"model": "recipes.ingredient", "pk": 53, "fields": {"recipe": 9, "name": "Broccoli", "quantity": "1", "unit": "cup"}}, {"model": "recipes.ingredient", "pk": 54, "fields": {"recipe": 9, "name": "Carrot", "quantity": "1", "unit": "medium"}}, {"model": "recipes.ingredient", "pk": 55, "fields": {"recipe": 9, "name": "Bell pepper", "quantity": "1", "unit": "medium"}}, {"model": "recipes.ingredient", "pk": 56, "fields": {"recipe": 9, "name": "Soy sauce", "quantity": "2", "unit": "tbsp"}}, {"model": "recipes.ingredient", "pk": 57, "fields": {"recipe": 9, "name": "Garlic", "quantity": "2", "unit": "cloves"}}, {"model": "recipes.ingredient", "pk": 58, "fields": {"recipe": 10, "name": "Chicken breast", "quantity": "500", "unit": "g"}}, {"model": "recipes.ingredient", "pk": 59, "fields": {"recipe": 10, "name": "Yogurt", "quantity": "100", "unit": "g"}}, {"model": "recipes.ingredient", "pk": 60, "fields": {"recipe": 10, "name": "Tomato puree", "quantity": "200", "unit": "g"}}, {"model": "recipes.ingredient", "pk": 61, "fields": {"recipe": 10, "name": "Garam masala", "quantity": "2", "unit": "tsp"}}, {"model": "recipes.ingredient", "pk": 62, "fields": {"recipe": 10, "name": "Cream", "quantity": "50", "unit": "ml"}}, {"model": "recipes.ingredient", "pk": 63, "fields": {"recipe": 11, "name": "Tomatoes", "quantity": "2", "unit": "medium"}}, {"model": "recipes.ingredient", "pk": 64, "fields": {"recipe": 11, "name": "Cucumber", "quantity": "1", "unit": "medium"}}, {"model": "recipes.ingredient", "pk": 65, "fields": {"recipe": 11, "name": "Feta cheese", "quantity": "50", "unit": "g"}}, {"model": "recipes.ingredient", "pk": 66, "fields": {"recipe": 11, "name": "Kalamata olives", "quantity": "10", "unit": ""}}, {"model": "recipes.ingredient", "pk": 67, "fields": {"recipe": 11, "name": "Olive oil", "quantity": "2", "unit": "tbsp"}}, {"model": "recipes.ingredient", "pk": 73, "fields": {"recipe": 13, "name": "Miso paste", "quantity": "2", "unit": "tbsp"}}, {"model": "recipes.ingredient", "pk": 74, "fields": {"recipe": 13, "name": "Tofu", "quantity": "100", "unit": "g"}}, {"model": "recipes.ingredient", "pk": 75, "fields": {"recipe": 13, "name": "Seaweed", "quantity": "1", "unit": "tbsp"}}, {"model": "recipes.ingredient", "pk": 76, "fields": {"recipe": 13, "name": "Green onions", "quantity": "2", "unit": ""}}, {"model": "recipes.ingredient", "pk": 77, "fields": {"recipe": 14, "name": "Eggs", "quantity": "4", "unit": ""}}, {"model": "recipes.ingredient", "pk": 78, "fields": {"recipe": 14, "name": "Tomatoes", "quantity": "4", "unit": "medium"}}, {"model": "recipes.ingredient", "pk": 79, "fields": {"recipe": 14, "name": "Bell pepper", "quantity": "1", "unit": "medium"}}, {"model": "recipes.ingredient", "pk": 80, "fields": {"recipe": 14, "name": "Onion", "quantity": "1", "unit": "medium"}}, {"model": "recipes.ingredient", "pk": 81, "fields": {"recipe": 14, "name": "Paprika", "quantity": "1", "unit": "tsp"}}, {"model": "recipes.ingredient", "pk": 82, "fields": {"recipe": 15, "name": "Falafel balls", "quantity": "6", "unit": ""}}, {"model": "recipes.ingredient", "pk": 83, "fields": {"recipe": 15, "name": "Tortilla wraps", "quantity": "2", "unit": ""}}, {"model": "recipes.ingredient", "pk": 84, "fields": {"recipe": 15, "name": "Lettuce", "quantity": "1", "unit": "cup"}}, {"model": "recipes.ingredient", "pk": 85, "fields": {"recipe": 15, "name": "Tomato", "quantity": "1", "unit": "medium"}}, {"model": "recipes.ingredient", "pk": 86, "fields": {"recipe": 15, "name": "Tahini sauce", "quantity": "2", "unit": "tbsp"}}, {"model": "recipes.ingredient", "pk": 87, "fields": {"recipe": 16, "name": "Onions", "quantity": "3", "unit": "large"}}, {"model": "recipes.ingredient", "pk": 88, "fields": {"recipe": 16, "name": "Beef broth", "quantity": "4", "unit": "cups"}}, {"model": "recipes.ingredient", "pk": 89, "fields": {"recipe": 16, "name": "Gruyere cheese", "quantity": "60", "unit": "g"}}, {"model": "recipes.ingredient", "pk": 90, "fields": {"recipe": 16, "name": "Baguette", "quantity": "6", "unit": "slices"}}, {"model": "recipes.ingredient", "pk": 91, "fields": {"recipe": 16, "name": "Butter", "quantity": "2", "unit": "tbsp"}}, {"model": "recipes.ingredient", "pk": 92, "fields": {"recipe": 17, "name": "Rice noodles", "quantity": "150", "unit": "g"}}, {"model": "recipes.ingredient", "pk": 93, "fields": {"recipe": 17, "name": "Shrimp", "quantity": "100", "unit": "g"}}, {"model": "recipes.ingredient", "pk": 94, "fields": {"recipe": 17, "name": "Tofu", "quantity": "50", "unit": "g"}}, {"model": "recipes.ingredient", "pk": 95, "fields": {"recipe": 17, "name": "Bean sprouts", "quantity": "1", "unit": "cup"}}, {"model": "recipes.ingredient", "pk": 96, "fields": {"recipe": 17, "name": "Peanuts", "quantity": "2", "unit": "tbsp"}}, {"model": "recipes.ingredient", "pk": 97, "fields": {"recipe": 18, "name": "Banana", "quantity": "1", "unit": "large"}}, {"model": "recipes.ingredient", "pk": 98, "fields": {"recipe": 18, "name": "Flour", "quantity": "100", "unit": "g"}}, {"model": "recipes.ingredient", "pk": 99, "fields": {"recipe": 18, "name": "Egg", "quantity": "1", "unit": "large"}}, {"model": "recipes.ingredient", "pk": 100, "fields": {"recipe": 18, "name": "Milk", "quantity": "120", "unit": "ml"}}, {"model": "recipes.ingredient", "pk": 101, "fields": {"recipe": 18, "name": "Baking powder", "quantity": "1", "unit": "tsp"}}, {"model": "recipes.instruction", "pk": 8, "fields": {"recipe": 2, "step_number": 1, "text": "Season chicken with taco seasoning and cook in a pan until done."}}, {"model": "recipes.instruction", "pk": 9, "fields": {"recipe": 2, "step_number": 2, "text": "Warm tortillas in a dry pan or microwave."}}, {"model": "recipes.instruction", "pk": 10, "fields": {"recipe": 2, "step_number": 3, "text": "Shred lettuce and dice tomatoes."}}, {"model": "recipes.instruction", "pk": 11, "fields": {"recipe": 2, "step_number": 4, "text": "Grate cheese and cut lime into wedges."}}, {"model": "recipes.instruction", "pk": 12, "fields": {"recipe": 2, "step_number": 5, "text": "Slice cooked chicken into strips."}}, {"model": "recipes.instruction", "pk": 13, "fields": {"recipe": 2, "step_number": 6, "text": "Assemble tacos with chicken, lettuce, tomatoes, and cheese."}}, {"model": "recipes.instruction", "pk": 14, "fields": {"recipe": 2, "step_number": 7, "text": "Serve with sour cream and lime wedges."}}, {"model": "recipes.instruction", "pk": 15, "fields": {"recipe": 3, "step_number": 1, "text": "Cook quinoa according to package instructions."}}, {"model": "recipes.instruction", "pk": 16, "fields": {"recipe": 3, "step_number": 2, "text": "Roast diced sweet potato at 200°C for 25 minutes."}}, {"model": "recipes.instruction", "pk": 17, "fields": {"recipe": 3, "step_number": 3, "text": "Steam broccoli until tender, about 5 minutes."}}, {"model": "recipes.instruction", "pk": 18, "fields": {"recipe": 3, "step_number": 4, "text": "Drain and rinse chickpeas."}}, {"model": "recipes.instruction", "pk": 19, "fields": {"recipe": 3, "step_number": 5, "text": "Slice avocado just before serving."}}, {"model": "recipes.instruction", "pk": 20, "fields": {"recipe": 3, "step_number": 6, "text": "Mix tahini, lemon juice, and olive oil for dressing."}}, {"model": "recipes.instruction", "pk": 21, "fields": {"recipe": 3, "step_number": 7, "text": "Arrange all ingredients in bowls and drizzle with dressing."}}, {"model": "recipes.instruction", "pk": 22, "fields": {"recipe": 4, "step_number": 1, "text": "Preheat oven to 190°C."}}, {"model": "recipes.instruction", "pk": 23, "fields": {"recipe": 4, "step_number": 2, "text": "Cream butter with both sugars until light and fluffy."}}, {"model": "recipes.instruction", "pk": 24, "fields": {"recipe": 4, "step_number": 3, "text": "Beat in egg and vanilla extract."}}, {"model": "recipes.instruction", "pk": 25, "fields": {"recipe": 4, "step_number": 4, "text": "Mix flour, baking soda, and salt in separate bowl."}}, {"model": "recipes.instruction", "pk": 26, "fields": {"recipe": 4, "step_number": 5, "text": "Gradually add dry ingredients to wet ingredients."}}, {"model": "recipes.instruction", "pk": 27, "fields": {"recipe": 4, "step_number": 6, "text": "Fold in chocolate chips."}}, {"model": "recipes.instruction", "pk": 28, "fields": {"recipe": 4, "step_number": 7, "text": "Drop rounded tablespoons of dough onto baking sheets."}}, {"model": "recipes.instruction", "pk": 29, "fields": {"recipe": 4, "step_number": 8, "text": "Bake for 10-12 minutes until edges are golden."}}, {"model": "recipes.instruction", "pk": 30, "fields": {"recipe": 4, "step_number": 9, "text": "Cool on baking sheets for 5 minutes before transferring."}}, {"model": "recipes.instruction", "pk": 31, "fields": {"recipe": 5, "step_number": 1, "text": "Wash spinach thoroughly."}}, {"model": "recipes.instruction", "pk": 32, "fields": {"recipe": 5, "step_number": 2, "text": "Peel and slice banana."}}, {"model": "recipes.instruction", "pk": 33, "fields": {"recipe": 5, "step_number": 3, "text": "Core and chop apple."}}, {"model": "recipes.instruction", "pk": 34, "fields": {"recipe": 5, "step_number": 4, "text": "Add all ingredients to blender."}}, {"model": "recipes.instruction", "pk": 35, "fields": {"recipe": 5, "step_number": 5, "text": "Blend until smooth and creamy."}}, {"model": "recipes.instruction", "pk": 36, "fields": {"recipe": 5, "step_number": 6, "text": "Add more coconut water if needed for desired consistency."}}, {"model": "recipes.instruction", "pk": 37, "fields": {"recipe": 5, "step_number": 7, "text": "Serve immediately in chilled glasses."}}, {"model": "recipes.instruction", "pk": 38, "fields": {"recipe": 6, "step_number": 1, "text": "Make the Batata Vada (Spiced Potato Fritter)\r\n- Boil & mash potatoes (about 3–4 medium ones).\r\n- Temper spices: Heat oil, add mustard seeds, curry leaves, hing, chopped green chilies, garlic, and ginger. Sauté until aromatic.\r\n- Mix with potatoes: Add turmeric, salt, and coriander leaves. Shape into round balls."}}, {"model": "recipes.instruction", "pk": 39, "fields": {"recipe": 6, "step_number": 2, "text": "Prepare the Batter\r\n- Mix besan (gram flour) with a pinch of baking soda, turmeric, salt, and water to make a thick, lump-free batter.\r\n- Dip each potato ball into the batter and deep fry until golden brown."}}, {"model": "recipes.instruction", "pk": 40, "fields": {"recipe": 6, "step_number": 3, "text": "Make the Chutneys\r\n- Green chutney: Blend coriander, mint, green chilies, garlic, lemon juice, and salt.\r\n- Tamarind chutney (optional): Tamarind pulp, jaggery, chili powder, cumin.\r\n- Dry garlic chutney: Roasted garlic, coconut, red chili powder, and salt."}}, {"model": "recipes.instruction", "pk": 41, "fields": {"recipe": 6, "step_number": 4, "text": "Assemble the Vada Pav\r\n- Slice a ladi pav (soft bun) without cutting all the way through.\r\n- Spread green chutney, tamarind chutney, and dry garlic chutney.\r\n- Place the hot vada inside, press gently, and serve with fried green chilies."}}, {"model": "recipes.instruction", "pk": 42, "fields": {"recipe": 7, "step_number": 1, "text": "Cook spaghetti in salted boiling water until al dente."}}, {"model": "recipes.instruction", "pk": 43, "fields": {"recipe": 7, "step_number": 2, "text": "Fry pancetta until crisp."}}, {"model": "recipes.instruction", "pk": 44, "fields": {"recipe": 7, "step_number": 3, "text": "Beat eggs and mix with grated Parmesan."}}, {"model": "recipes.instruction", "pk": 45, "fields": {"recipe": 7, "step_number": 4, "text": "Drain pasta, reserving some water."}}, {"model": "recipes.instruction", "pk": 46, "fields": {"recipe": 7, "step_number": 5, "text": "Combine pasta, pancetta, and egg mixture off the heat, adding pasta water as needed."}}, {"model": "recipes.instruction", "pk": 47, "fields": {"recipe": 7, "step_number": 6, "text": "Serve with extra cheese and black pepper."}}, {"model": "recipes.instruction", "pk": 54, "fields": {"recipe": 9, "step_number": 1, "text": "Chop all vegetables into bite-sized pieces."}}, {"model": "recipes.instruction", "pk": 55, "fields": {"recipe": 9, "step_number": 2, "text": "Heat oil in a wok and add garlic."}}, {"model": "recipes.instruction", "pk": 56, "fields": {"recipe": 9, "step_number": 3, "text": "Add vegetables and stir fry for 5-7 minutes."}}, {"model": "recipes.instruction", "pk": 57, "fields": {"recipe": 9, "step_number": 4, "text": "Add soy sauce and cook for 2 more minutes."}}, {"model": "recipes.instruction", "pk": 58, "fields": {"recipe": 9, "step_number": 5, "text": "Serve hot with rice or noodles."}}, {"model": "recipes.instruction", "pk": 59, "fields": {"recipe": 10, "step_number": 1, "text": "Marinate chicken in yogurt and spices for 1 hour."}}, {"model": "recipes.instruction", "pk": 60, "fields": {"recipe": 10, "step_number": 2, "text": "Grill or pan-fry chicken until cooked through."}}, {"model": "recipes.instruction", "pk": 61, "fields": {"recipe": 10, "step_number": 3, "text": "Simmer tomato puree with spices and cream."}}, {"model": "recipes.instruction", "pk": 62, "fields": {"recipe": 10, "step_number": 4, "text": "Add chicken to sauce and cook for 10 minutes."}}, {"model": "recipes.instruction", "pk": 63, "fields": {"recipe": 10, "step_number": 5, "text": "Serve with rice or naan."}}, {"model": "recipes.instruction", "pk": 64, "fields": {"recipe": 11, "step_number": 1, "text": "Chop tomatoes and cucumber."}}, {"model": "recipes.instruction", "pk": 65, "fields": {"recipe": 11, "step_number": 2, "text": "Combine all ingredients in a bowl."}}, {"model": "recipes.instruction", "pk": 66, "fields": {"recipe": 11, "step_number": 3, "text": "Drizzle with olive oil and toss."}}, {"model": "recipes.instruction", "pk": 67, "fields": {"recipe": 11, "step_number": 4, "text": "Serve chilled."}}, {"model": "recipes.instruction", "pk": 71, "fields": {"recipe": 13, "step_number": 1, "text": "Boil water and dissolve miso paste."}}, {"model": "recipes.instruction", "pk": 72, "fields": {"recipe": 13, "step_number": 2, "text": "Add tofu, seaweed, and green onions."}}, {"model": "recipes.instruction", "pk": 73, "fields": {"recipe": 13, "step_number": 3, "text": "Simmer for 5 minutes and serve."}}, {"model": "recipes.instruction", "pk": 74, "fields": {"recipe": 14, "step_number": 1, "text": "Cook onion and bell pepper until soft."}}, {"model": "recipes.instruction", "pk": 75, "fields": {"recipe": 14, "step_number": 2, "text": "Add tomatoes and paprika, simmer until thickened."}}, {"model": "recipes.instruction", "pk": 76, "fields": {"recipe": 14, "step_number": 3, "text": "Make wells and crack eggs into sauce."}}, {"model": "recipes.instruction", "pk": 77, "fields": {"recipe": 14, "step_number": 4, "text": "Cover and cook until eggs are set."}}, {"model": "recipes.instruction", "pk": 78, "fields": {"recipe": 14, "step_number": 5, "text": "Serve with bread."}}, {"model": "recipes.instruction", "pk": 79, "fields": {"recipe": 15, "step_number": 1, "text": "Warm tortilla wraps."}}, {"model": "recipes.instruction", "pk": 80, "fields": {"recipe": 15, "step_number": 2, "text": "Fill with falafel, lettuce, tomato, and tahini sauce."}}, {"model": "recipes.instruction", "pk": 81, "fields": {"recipe": 15, "step_number": 3, "text": "Wrap and serve."}}, {"model": "recipes.instruction", "pk": 82, "fields": {"recipe": 16, "step_number": 1, "text": "Caramelize onions in butter."}}, {"model": "recipes.instruction", "pk": 83, "fields": {"recipe": 16, "step_number": 2, "text": "Add beef broth and simmer."}}, {"model": "recipes.instruction", "pk": 84, "fields": {"recipe": 16, "step_number": 3, "text": "Ladle soup into bowls, top with baguette and cheese."}}, {"model": "recipes.instruction", "pk": 85, "fields": {"recipe": 16, "step_number": 4, "text": "Broil until cheese is melted."}}, {"model": "recipes.instruction", "pk": 86, "fields": {"recipe": 17, "step_number": 1, "text": "Soak rice noodles in warm water."}}, {"model": "recipes.instruction", "pk": 87, "fields": {"recipe": 17, "step_number": 2, "text": "Stir fry shrimp and tofu."}}, {"model": "recipes.instruction", "pk": 88, "fields": {"recipe": 17, "step_number": 3, "text": "Add noodles, sauce, and bean sprouts."}}, {"model": "recipes.instruction", "pk": 89, "fields": {"recipe": 17, "step_number": 4, "text": "Top with peanuts and serve."}}, {"model": "recipes.instruction", "pk": 90, "fields": {"recipe": 18, "step_number": 1, "text": "Mash banana and mix with egg, milk, and flour."}}, {"model": "recipes.instruction", "pk": 91, "fields": {"recipe": 18, "step_number": 2, "text": "Add baking powder and mix until smooth."}}, {"model": "recipes.instruction", "pk": 92, "fields": {"recipe": 18, "step_number": 3, "text": "Cook pancakes on a greased skillet until golden."}}, {"model": "recipes.instruction", "pk": 93, "fields": {"recipe": 18, "step_number": 4, "text": "Serve with syrup or fruit."}}, {"model": "recipes.shoppinglistitem", "pk": 1, "fields": {"user": 5, "recipe": 5, "ingredient_name": "Spinach", "quantity": "2", "unit": "cups", "is_purchased": false, "created_at": "2025-09-10T09:11:34.450Z"}}, {"model": "recipes.shoppinglistitem", "pk": 2, "fields": {"user": 5, "recipe": 5, "ingredient_name": "Banana", "quantity": "1", "unit": "large", "is_purchased": false, "created_at": "2025-09-10T09:11:34.475Z"}}, {"model": "recipes.shoppinglistitem", "pk": 3, "fields": {"user": 5, "recipe": 5, "ingredient_name": "Apple", "quantity": "1", "unit": "medium", "is_purchased": false, "created_at": "2025-09-10T09:11:34.493Z"}}, {"model": "recipes.shoppinglistitem", "pk": 4, "fields": {"user": 5, "recipe": 5, "ingredient_name": "Coconut water", "quantity": "250", "unit": "ml", "is_purchased": false, "created_at": "2025-09-10T09:11:34.513Z"}}, {"model": "recipes.shoppinglistitem", "pk": 5, "fields": {"user": 5, "recipe": 5, "ingredient_name": "Lime juice", "quantity": "1", "unit": "tbsp", "is_purchased": false, "created_at": "2025-09-10T09:11:34.534Z"}}, {"model": "recipes.shoppinglistitem", "pk": 6, "fields": {"user": 5, "recipe": 5, "ingredient_name": "Fresh ginger", "quantity": "1", "unit": "tsp", "is_purchased": false, "created_at": "2025-09-10T09:11:34.552Z"}}, {"model": "recipes.shoppinglistitem", "pk": 7, "fields": {"user": 5, "recipe": 5, "ingredient_name": "Ice cubes", "quantity": "1", "unit": "cup", "is_purchased": false, "created_at": "2025-09-10T09:11:34.570Z"}}]